a,b
core/Ql15rKfPtgE.mp4,core/QVwK4Oa8yZw.mp4
core/Ql15rKfPtgE.mp4,core/0aymT7mNFdk.mp4
core/Ql15rKfPtgE.mp4,core/H0QFB8vr5BQ.mp4
core/Ql15rKfPtgE.mp4,core/2XrJW-PwQgQ.mp4
core/Ql15rKfPtgE.mp4,core/CNc-H2Jjw2Q.mp4
core/Ql15rKfPtgE.mp4,core/arBqt8ERS6I.mp4
core/Ql15rKfPtgE.mp4,core/4wzE9DYvjyM.mp4
core/Ql15rKfPtgE.mp4,core/c_E00DEksGk.mp4
core/Ql15rKfPtgE.mp4,core/KoznctZWwZ0.mp4
core/Ql15rKfPtgE.mp4,core/VNC8b_os-HQ.mp4
core/Ql15rKfPtgE.mp4,core/i_X9lg0Blok.mp4
core/Ql15rKfPtgE.mp4,core/t_shsUmxyjc.mp4
core/Ql15rKfPtgE.mp4,core/Up-C7GwhYaA.mp4
core/Ql15rKfPtgE.mp4,core/bNur9wKUg-8.mp4
core/Ql15rKfPtgE.mp4,core/SYMQK16abmw.mp4
core/Ql15rKfPtgE.mp4,core/EdRgSYcqJLc.mp4
core/Ql15rKfPtgE.mp4,core/FvGE9bcCctA.mp4
core/Ql15rKfPtgE.mp4,core/8wjXLjmlDeE.mp4
core/Ql15rKfPtgE.mp4,core/I39aCIZG4bw.mp4
core/Ql15rKfPtgE.mp4,core/GN2T6uDQmvU.mp4
core/Ql15rKfPtgE.mp4,core/U19HI2teX44.mp4
core/wrC_Uqk3juY.mp4,core/APUnaH1oyz0.mp4
core/wrC_Uqk3juY.mp4,core/ik54W-zjiMc.mp4
core/wrC_Uqk3juY.mp4,core/MSistWgO7q0.mp4
core/wrC_Uqk3juY.mp4,core/aHaLcwXhHbM.mp4
core/wrC_Uqk3juY.mp4,core/KQh6RCW_nAo.mp4
core/wrC_Uqk3juY.mp4,core/-s7iv3BsBXM.mp4
core/wrC_Uqk3juY.mp4,core/cwdY4ZemOwY.mp4
core/wrC_Uqk3juY.mp4,core/CGbYMEiDY0A.mp4
core/wrC_Uqk3juY.mp4,core/SuEd__hT2gY.mp4
core/wrC_Uqk3juY.mp4,core/HrqUcdgRVCM.mp4
core/wrC_Uqk3juY.mp4,core/hpLPyStl64c.mp4
core/wrC_Uqk3juY.mp4,core/M1rSE_A0ejs.mp4
core/wrC_Uqk3juY.mp4,core/67BMbz_DcFA.mp4
core/wrC_Uqk3juY.mp4,core/Jh7diIdyGUs.mp4
core/wrC_Uqk3juY.mp4,core/5Dn0V6lmtcI.mp4
core/wrC_Uqk3juY.mp4,core/6i5yr2vAXe0.mp4
core/wrC_Uqk3juY.mp4,core/pKS-fVVMVwo.mp4
core/wrC_Uqk3juY.mp4,core/jG78Nk1IEog.mp4
core/wrC_Uqk3juY.mp4,core/8IVLRn2da1Y.mp4
core/wrC_Uqk3juY.mp4,core/KpS0B2EEACY.mp4
core/wrC_Uqk3juY.mp4,core/0OGd_L78RMI.mp4
core/5MBA_7vDhII.mp4,core/CmHSQVjxFgU.mp4
core/5MBA_7vDhII.mp4,core/_0uCw0B2AgM.mp4
core/5MBA_7vDhII.mp4,core/bPXEi-LX5m8.mp4
core/5MBA_7vDhII.mp4,core/D7Q9DTECnz0.mp4
core/5MBA_7vDhII.mp4,core/0ZXksLbPk1Y.mp4
core/5MBA_7vDhII.mp4,core/TolBZHp5n4o.mp4
core/5MBA_7vDhII.mp4,core/6Gq3hKJyn1M.mp4
core/5MBA_7vDhII.mp4,core/CC3kr3jTiuI.mp4
core/5MBA_7vDhII.mp4,core/u7EmIeQlizY.mp4
core/5MBA_7vDhII.mp4,core/sd8MPMrvbGg.mp4
core/5MBA_7vDhII.mp4,core/HsjJNkoDXKQ.mp4
core/5MBA_7vDhII.mp4,core/Q67VOyzGTSQ.mp4
core/5MBA_7vDhII.mp4,core/ONYG0Pd1zR0.mp4
core/5MBA_7vDhII.mp4,core/s8dVB3JkoMo.mp4
core/5MBA_7vDhII.mp4,core/RHHgeSSV4dY.mp4
core/5MBA_7vDhII.mp4,core/sXvgP4rhfY8.mp4
core/5MBA_7vDhII.mp4,core/Z8ZhfkHyTmQ.mp4
core/5MBA_7vDhII.mp4,core/6Am8XzxkKxc.mp4
core/5MBA_7vDhII.mp4,core/LDK1jrsrSzM.mp4
core/5MBA_7vDhII.mp4,core/KImYVqUIAsc.mp4
core/5MBA_7vDhII.mp4,core/q-R9VqCiLos.mp4
core/2ncF3Gfkbao.mp4,core/DIOHNlAqEtI.mp4
core/2ncF3Gfkbao.mp4,core/OMeD7yUidTY.mp4
core/2ncF3Gfkbao.mp4,core/cP_165WV2Sg.mp4
core/2ncF3Gfkbao.mp4,core/pR8VFhb4TUk.mp4
core/2ncF3Gfkbao.mp4,core/vmiYnNp-YCs.mp4
core/2ncF3Gfkbao.mp4,core/l7slRwlN4Ng.mp4
core/2ncF3Gfkbao.mp4,core/vPu_RL7Ncao.mp4
core/2ncF3Gfkbao.mp4,core/HELLKFFKj7I.mp4
core/2ncF3Gfkbao.mp4,core/RrWh3w7Him4.mp4
core/2ncF3Gfkbao.mp4,core/qd2MaFUIFE4.mp4
core/2ncF3Gfkbao.mp4,core/lWYcfXTPhms.mp4
core/2ncF3Gfkbao.mp4,core/pMGH5cwWAO0.mp4
core/2ncF3Gfkbao.mp4,core/sgNTVAtjJhE.mp4
core/2ncF3Gfkbao.mp4,core/JXGLlIF_05E.mp4
core/2ncF3Gfkbao.mp4,core/qIBs4jFCqUU.mp4
core/2ncF3Gfkbao.mp4,core/_Qdp8NH9mhg.mp4
core/2ncF3Gfkbao.mp4,core/UH2JfMMXBDk.mp4
core/2ncF3Gfkbao.mp4,core/H_hG6_PE2L0.mp4
core/2ncF3Gfkbao.mp4,core/CfryK8GLBxc.mp4
core/2ncF3Gfkbao.mp4,core/2jYGf04Xl5U.mp4
core/2ncF3Gfkbao.mp4,core/nC1h1E0y2tk.mp4
core/cDXTcNL1ebY.mp4,core/b-pUEEQk80A.mp4
core/cDXTcNL1ebY.mp4,core/HGpJqT-xplQ.mp4
core/cDXTcNL1ebY.mp4,core/uO4feqIhI2g.mp4
core/cDXTcNL1ebY.mp4,core/C5rfirTPpS0.mp4
core/cDXTcNL1ebY.mp4,core/FvU8F-2mi_Y.mp4
core/cDXTcNL1ebY.mp4,core/4LtEeNyumYI.mp4
core/cDXTcNL1ebY.mp4,core/BLpsfYhz8Gw.mp4
core/cDXTcNL1ebY.mp4,core/uolqTsATsvQ.mp4
core/cDXTcNL1ebY.mp4,core/EO_y5BbLvDw.mp4
core/cDXTcNL1ebY.mp4,core/BQ1XJfXMQGM.mp4
core/cDXTcNL1ebY.mp4,core/-hFonUwHSEQ.mp4
core/cDXTcNL1ebY.mp4,core/S7RlDGZ9qjU.mp4
core/cDXTcNL1ebY.mp4,core/uJTpv3LNlXQ.mp4
core/cDXTcNL1ebY.mp4,core/jHFtuAzC480.mp4
core/cDXTcNL1ebY.mp4,core/cNKc_WYtg4k.mp4
core/cDXTcNL1ebY.mp4,core/FVy2LVRxHo0.mp4
core/cDXTcNL1ebY.mp4,core/Xzl_lQ99ow4.mp4
core/cDXTcNL1ebY.mp4,core/ouUPHILT1Hg.mp4
core/cDXTcNL1ebY.mp4,core/p_Bm8IK3rh0.mp4
core/cDXTcNL1ebY.mp4,core/DVNTorSk_1g.mp4
core/cDXTcNL1ebY.mp4,core/fDSYxdLdUnk.mp4
core/-VkKyuMhBTg.mp4,core/edt5UO5cXto.mp4
core/-VkKyuMhBTg.mp4,core/hA8M-4NNSZs.mp4
core/-VkKyuMhBTg.mp4,core/YrUQPUyB9VQ.mp4
core/-VkKyuMhBTg.mp4,core/vH6NNt-9n48.mp4
core/-VkKyuMhBTg.mp4,core/OCzifS2AYS4.mp4
core/-VkKyuMhBTg.mp4,core/W0IwHU2pzUU.mp4
core/-VkKyuMhBTg.mp4,core/qfCiyJJQ5dg.mp4
core/-VkKyuMhBTg.mp4,core/5PzzlMSYucg.mp4
core/-VkKyuMhBTg.mp4,core/QhRHxPGZU7E.mp4
core/-VkKyuMhBTg.mp4,core/8e0l7xPWDKg.mp4
core/-VkKyuMhBTg.mp4,core/oN6gGA1M_Xc.mp4
core/-VkKyuMhBTg.mp4,core/k-9FfHRSFbw.mp4
core/-VkKyuMhBTg.mp4,core/aLOI8RHN7ak.mp4
core/-VkKyuMhBTg.mp4,core/okkpvvNorr8.mp4
core/-VkKyuMhBTg.mp4,core/GUtV2AJ3_Bo.mp4
core/-VkKyuMhBTg.mp4,core/-1Rm6d9Qq88.mp4
core/-VkKyuMhBTg.mp4,core/0CiR3zIueco.mp4
core/-VkKyuMhBTg.mp4,core/g0WBpuleAdc.mp4
core/-VkKyuMhBTg.mp4,core/FvAw01OQn5w.mp4
core/-VkKyuMhBTg.mp4,core/ePxT6IxInKE.mp4
core/-VkKyuMhBTg.mp4,core/iR0A3zYVrHI.mp4
core/hILt-pP83AU.mp4,core/GfBe-HzS41U.mp4
core/hILt-pP83AU.mp4,core/qQ4yIJiD0QY.mp4
core/hILt-pP83AU.mp4,core/HQbNc9Dg0Mk.mp4
core/hILt-pP83AU.mp4,core/NMWbmMwI76Y.mp4
core/hILt-pP83AU.mp4,core/OhjPKWb0XDs.mp4
core/hILt-pP83AU.mp4,core/UA9KFUVUmmw.mp4
core/hILt-pP83AU.mp4,core/XhzLK1hUdgs.mp4
core/hILt-pP83AU.mp4,core/ad5dMRAz0_I.mp4
core/hILt-pP83AU.mp4,core/7Cm-it_gmq0.mp4
core/hILt-pP83AU.mp4,core/gHwuP0HBieQ.mp4
core/hILt-pP83AU.mp4,core/m_e5XBdNJz0.mp4
core/hILt-pP83AU.mp4,core/B7P2s6s_Iew.mp4
core/hILt-pP83AU.mp4,core/Ti9aatazUaA.mp4
core/hILt-pP83AU.mp4,core/OItYgMMnSaw.mp4
core/hILt-pP83AU.mp4,core/TpfhC4sIhqU.mp4
core/hILt-pP83AU.mp4,core/QCQ5oh6kDII.mp4
core/hILt-pP83AU.mp4,core/ZMRrLwvDkDQ.mp4
core/hILt-pP83AU.mp4,core/cVyuNf4yhow.mp4
core/hILt-pP83AU.mp4,core/ovdmQCzQl58.mp4
core/hILt-pP83AU.mp4,core/nHn_3nO-r-8.mp4
core/hILt-pP83AU.mp4,core/iBSdiB5iyPY.mp4
core/6at-OEesGXc.mp4,core/QvqqbfVpd-4.mp4
core/6at-OEesGXc.mp4,core/-2UsHsOXXXY.mp4
core/6at-OEesGXc.mp4,core/1J-Pn3zauMU.mp4
core/6at-OEesGXc.mp4,core/xLCN0W_RnVQ.mp4
core/6at-OEesGXc.mp4,core/rBjP11CQaOg.mp4
core/6at-OEesGXc.mp4,core/-TqLcflxT4A.mp4
core/6at-OEesGXc.mp4,core/Tq7jN9KwozE.mp4
core/6at-OEesGXc.mp4,core/Vg4Uieod7e0.mp4
core/6at-OEesGXc.mp4,core/aDJprnzth9U.mp4
core/6at-OEesGXc.mp4,core/ef7cau6gdQQ.mp4
core/6at-OEesGXc.mp4,core/lCqTsZZzDnc.mp4
core/6at-OEesGXc.mp4,core/qtsd62L2RMs.mp4
core/6at-OEesGXc.mp4,core/114mc0DRpCE.mp4
core/6at-OEesGXc.mp4,core/GRJTjyTS9nQ.mp4
core/6at-OEesGXc.mp4,core/_gE0UnyA2kI.mp4
core/6at-OEesGXc.mp4,core/YNkPjZghPIc.mp4
core/6at-OEesGXc.mp4,core/lZkT46c4B80.mp4
core/6at-OEesGXc.mp4,core/1Szwrs7aEbU.mp4
core/6at-OEesGXc.mp4,core/tb70CuYRses.mp4
core/6at-OEesGXc.mp4,core/qXhJfPFH1Qo.mp4
core/6at-OEesGXc.mp4,core/ieJInt4BQ0o.mp4
core/-1t97fYWeyQ.mp4,core/ELj9Y9agIiY.mp4
core/-1t97fYWeyQ.mp4,core/RbhAv8Nd4Go.mp4
core/-1t97fYWeyQ.mp4,core/wA0YbPmwKwQ.mp4
core/-1t97fYWeyQ.mp4,core/-aY__JGB6Ho.mp4
core/-1t97fYWeyQ.mp4,core/5qQELeFACCQ.mp4
core/-1t97fYWeyQ.mp4,core/8PWhbVPovxY.mp4
core/-1t97fYWeyQ.mp4,core/bkDZNYmQeKw.mp4
core/-1t97fYWeyQ.mp4,core/XD6s4Z_nPy4.mp4
core/-1t97fYWeyQ.mp4,core/MN7L2PSnkTA.mp4
core/-1t97fYWeyQ.mp4,core/7DMwL_LyXLE.mp4
core/-1t97fYWeyQ.mp4,core/c91EOr4ZPa4.mp4
core/-1t97fYWeyQ.mp4,core/DrIGkitDfn4.mp4
core/-1t97fYWeyQ.mp4,core/IyBbjYXGTxA.mp4
core/-1t97fYWeyQ.mp4,core/ARyMDefjoTI.mp4
core/-1t97fYWeyQ.mp4,core/tqjQlfthpgQ.mp4
core/-1t97fYWeyQ.mp4,core/iBWBzITdgTI.mp4
core/-1t97fYWeyQ.mp4,core/2DtSnFLBYy0.mp4
core/-1t97fYWeyQ.mp4,core/tTFA_wY-jXg.mp4
core/-1t97fYWeyQ.mp4,core/LHVFegVjjUs.mp4
core/-1t97fYWeyQ.mp4,core/GJS9kmKz1Eg.mp4
core/-1t97fYWeyQ.mp4,core/p4IquM7HElA.mp4
core/GH0NAHXwVCY.mp4,core/dW55_l_SbU4.mp4
core/GH0NAHXwVCY.mp4,core/z_BFFpmHx20.mp4
core/GH0NAHXwVCY.mp4,core/qUk2aB0NE7g.mp4
core/GH0NAHXwVCY.mp4,core/zscRUc_aCqI.mp4
core/GH0NAHXwVCY.mp4,core/dNaEFWTl7dA.mp4
core/GH0NAHXwVCY.mp4,core/ltvbUbCMKzA.mp4
core/GH0NAHXwVCY.mp4,core/4kfnmuDOBho.mp4
core/GH0NAHXwVCY.mp4,core/sjPaxIZtv0g.mp4
core/GH0NAHXwVCY.mp4,core/LkavCqKeye0.mp4
core/GH0NAHXwVCY.mp4,core/HI5LcV11UqM.mp4
core/GH0NAHXwVCY.mp4,core/iAEAJAa596Q.mp4
core/GH0NAHXwVCY.mp4,core/Yjt3FAbOhpo.mp4
core/GH0NAHXwVCY.mp4,core/qOs0Ppl3_uU.mp4
core/GH0NAHXwVCY.mp4,core/YMIxxTZ_No4.mp4
core/GH0NAHXwVCY.mp4,core/5DWSi_Jl-jw.mp4
core/GH0NAHXwVCY.mp4,core/uN7kyvScgyI.mp4
core/GH0NAHXwVCY.mp4,core/VeOZ4rGoKn8.mp4
core/GH0NAHXwVCY.mp4,core/piFKIaS9mIo.mp4
core/GH0NAHXwVCY.mp4,core/7A14hZ-6Bqo.mp4
core/GH0NAHXwVCY.mp4,core/eSDsh9NlhSY.mp4
core/GH0NAHXwVCY.mp4,core/KZnjOt1hxwQ.mp4
core/2n30dbPBNKE.mp4,core/rfvi7mqeeNs.mp4
core/2n30dbPBNKE.mp4,core/fpufnif5zfY.mp4
core/2n30dbPBNKE.mp4,core/RdmMGg9rrEE.mp4
core/2n30dbPBNKE.mp4,core/poZlx8MCr6Q.mp4
core/2n30dbPBNKE.mp4,core/FhiXVG27tww.mp4
core/2n30dbPBNKE.mp4,core/fGyAfI4e1Lc.mp4
core/2n30dbPBNKE.mp4,core/CzAskYg6AvQ.mp4
core/2n30dbPBNKE.mp4,core/A-KTMIcW000.mp4
core/2n30dbPBNKE.mp4,core/G0GOc-e4bo0.mp4
core/2n30dbPBNKE.mp4,core/idJJVeoBb0g.mp4
core/2n30dbPBNKE.mp4,core/42a4nsZ1GiE.mp4
core/2n30dbPBNKE.mp4,core/jxlFNx7w2r8.mp4
core/2n30dbPBNKE.mp4,core/e3QXqYuC86A.mp4
core/2n30dbPBNKE.mp4,core/tIu3hcexoOM.mp4
core/2n30dbPBNKE.mp4,core/UG4zGnlRH70.mp4
core/2n30dbPBNKE.mp4,core/-jTGqAv5sZw.mp4
core/2n30dbPBNKE.mp4,core/3-4BqUk7vy4.mp4
core/2n30dbPBNKE.mp4,core/bN2UyDgSjss.mp4
core/2n30dbPBNKE.mp4,core/hHjM7ZaSElE.mp4
core/2n30dbPBNKE.mp4,core/6VnfK1O9X8A.mp4
core/2n30dbPBNKE.mp4,core/Ay5F91wYif4.mp4
core/sxYUicqiZvw.mp4,core/aZqWnEAwnBI.mp4
core/sxYUicqiZvw.mp4,core/m9PxYW21N3s.mp4
core/sxYUicqiZvw.mp4,core/REfu4yNM_50.mp4
core/sxYUicqiZvw.mp4,core/fJPORi8Acfk.mp4
core/sxYUicqiZvw.mp4,core/j5f1bAeuGHw.mp4
core/sxYUicqiZvw.mp4,core/cVWDa6VHcz4.mp4
core/sxYUicqiZvw.mp4,core/99stmc6txoM.mp4
core/sxYUicqiZvw.mp4,core/Cf2g5Wt9raw.mp4
core/sxYUicqiZvw.mp4,core/18wtfMH6iUQ.mp4
core/sxYUicqiZvw.mp4,core/bOLUel98UgU.mp4
core/sxYUicqiZvw.mp4,core/FK-6TiPnizE.mp4
core/sxYUicqiZvw.mp4,core/661w7A3xRSU.mp4
core/sxYUicqiZvw.mp4,core/Shagbu00th8.mp4
core/sxYUicqiZvw.mp4,core/_iAWxQeYyvM.mp4
core/sxYUicqiZvw.mp4,core/pHunBmi3zpg.mp4
core/sxYUicqiZvw.mp4,core/TwRxoF8d-sw.mp4
core/sxYUicqiZvw.mp4,core/Rgr8IEC0bOw.mp4
core/sxYUicqiZvw.mp4,core/UO3-X5DW6ps.mp4
core/sxYUicqiZvw.mp4,core/-kHJxr3Ps0g.mp4
core/sxYUicqiZvw.mp4,core/Az77HLagMAE.mp4
core/sxYUicqiZvw.mp4,core/wK4nKc0b7Ac.mp4
core/K8PckJMMpRU.mp4,core/OI39AMeWl2c.mp4
core/K8PckJMMpRU.mp4,core/mcc-pNqqmbQ.mp4
core/K8PckJMMpRU.mp4,core/1O-6tIIvG7A.mp4
core/K8PckJMMpRU.mp4,core/_dQAJ2OAItI.mp4
core/K8PckJMMpRU.mp4,core/Tk5Flp-q9mc.mp4
core/K8PckJMMpRU.mp4,core/ocAtzqq-AqE.mp4
core/K8PckJMMpRU.mp4,core/NAKy5Ptap3k.mp4
core/K8PckJMMpRU.mp4,core/tNXv28I0ON4.mp4
core/K8PckJMMpRU.mp4,core/EJGHT18isiE.mp4
core/K8PckJMMpRU.mp4,core/dAL7tyhgBlA.mp4
core/K8PckJMMpRU.mp4,core/0RwjP4oZ7Oo.mp4
core/K8PckJMMpRU.mp4,core/4Az2a1UJY-E.mp4
core/K8PckJMMpRU.mp4,core/yBx3h2uzs6M.mp4
core/K8PckJMMpRU.mp4,core/4Bt7uucgIPY.mp4
core/K8PckJMMpRU.mp4,core/fKUJ1eX2sgE.mp4
core/K8PckJMMpRU.mp4,core/7oB0R6g1KW4.mp4
core/K8PckJMMpRU.mp4,core/NvWT62LeEh4.mp4
core/K8PckJMMpRU.mp4,core/OmivuKp3Qtk.mp4
core/K8PckJMMpRU.mp4,core/7g3u9YzLxJI.mp4
core/K8PckJMMpRU.mp4,core/L-W58elU9fk.mp4
core/K8PckJMMpRU.mp4,core/EAWmJzqiqxg.mp4
core/kadmEBYEkxE.mp4,core/tfeGPbir05M.mp4
core/kadmEBYEkxE.mp4,core/G7_EWoCbqf8.mp4
core/kadmEBYEkxE.mp4,core/-1WAZ4gS7mw.mp4
core/kadmEBYEkxE.mp4,core/7mUkuEEP2dQ.mp4
core/kadmEBYEkxE.mp4,core/8a7GWUIty2s.mp4
core/kadmEBYEkxE.mp4,core/7_mMcS1WhtY.mp4
core/kadmEBYEkxE.mp4,core/MOa5Zp0gSQM.mp4
core/kadmEBYEkxE.mp4,core/keG1BbaY0m8.mp4
core/kadmEBYEkxE.mp4,core/SnJUD9FaaSo.mp4
core/kadmEBYEkxE.mp4,core/n9CWB6f4UYA.mp4
core/kadmEBYEkxE.mp4,core/qT8xZhoSGek.mp4
core/kadmEBYEkxE.mp4,core/eROb43MTmXQ.mp4
core/kadmEBYEkxE.mp4,core/D9wzFB8I6qY.mp4
core/kadmEBYEkxE.mp4,core/GZ6i-ypezQk.mp4
core/kadmEBYEkxE.mp4,core/82-mjhWzgQc.mp4
core/kadmEBYEkxE.mp4,core/LgT57eAe-H0.mp4
core/kadmEBYEkxE.mp4,core/X-P6rWnEYZ0.mp4
core/CCMolsTugus.mp4,core/BQzOPbBhuIU.mp4
core/CCMolsTugus.mp4,core/NQ6WhEvoYKs.mp4
core/CCMolsTugus.mp4,core/jRvLveKppIk.mp4
core/CCMolsTugus.mp4,core/UBFGEg6Si4E.mp4
core/n_dfai6F5lg.mp4,core/irHPAF2Wb-g.mp4
core/n_dfai6F5lg.mp4,core/QeX0lX9OP_o.mp4
core/n_dfai6F5lg.mp4,core/g6miuSgncFw.mp4
core/n_dfai6F5lg.mp4,core/B7GV2Z7QHkY.mp4
core/n_dfai6F5lg.mp4,core/iGEi1iNiElk.mp4
core/n_dfai6F5lg.mp4,core/mHyrPLfY4Q4.mp4
core/n_dfai6F5lg.mp4,core/TBzfu2a-3bI.mp4
core/n_dfai6F5lg.mp4,core/eY4QEoPNk14.mp4
core/n_dfai6F5lg.mp4,core/6ECQuYldXkI.mp4
core/n_dfai6F5lg.mp4,core/P16eTUV6BsI.mp4
core/n_dfai6F5lg.mp4,core/RWsSw7QB3oo.mp4
core/n_dfai6F5lg.mp4,core/JVpMhSCf984.mp4
core/n_dfai6F5lg.mp4,core/7JWB-sLpWSw.mp4
core/n_dfai6F5lg.mp4,core/laNqyvnChBg.mp4
core/n_dfai6F5lg.mp4,core/SXIJqfdIinY.mp4
core/n_dfai6F5lg.mp4,core/g9z8cu8agls.mp4
core/n_dfai6F5lg.mp4,core/nziYYTlQfns.mp4
core/n_dfai6F5lg.mp4,core/bfCVedlcywo.mp4
core/n_dfai6F5lg.mp4,core/GR54Sa5eOco.mp4
core/n_dfai6F5lg.mp4,core/4bi_OAEunFo.mp4
core/n_dfai6F5lg.mp4,core/AN3gZKDvrc8.mp4
core/Jsguw1rO08o.mp4,core/Tb1jksvhGPI.mp4
core/Jsguw1rO08o.mp4,core/ztOle0MPx5k.mp4
core/Jsguw1rO08o.mp4,core/-ao13QPkV_g.mp4
core/Jsguw1rO08o.mp4,core/Gj8lLwZznzU.mp4
core/Jsguw1rO08o.mp4,core/IgxRRlVuGbw.mp4
core/Jsguw1rO08o.mp4,core/gi6t-eyh9Zk.mp4
core/Jsguw1rO08o.mp4,core/5abYGbnlxpg.mp4
core/Jsguw1rO08o.mp4,core/LNlzhtR5ELs.mp4
core/Jsguw1rO08o.mp4,core/LiRtEFUyvp4.mp4
core/Jsguw1rO08o.mp4,core/e6wDdMwmrZw.mp4
core/Jsguw1rO08o.mp4,core/VspQC0CACto.mp4
core/Jsguw1rO08o.mp4,core/FNqpsSULOuQ.mp4
core/Jsguw1rO08o.mp4,core/9zKJJlsEVEA.mp4
core/Jsguw1rO08o.mp4,core/nTJvjjcVTss.mp4
core/Jsguw1rO08o.mp4,core/a8bE9mpXBno.mp4
core/Jsguw1rO08o.mp4,core/6QjqGLdBB8Y.mp4
core/Jsguw1rO08o.mp4,core/p7PnSs7zvCw.mp4
core/Jsguw1rO08o.mp4,core/A2WEDpOoyJE.mp4
core/Jsguw1rO08o.mp4,core/cLTLb_j0LCk.mp4
core/Jsguw1rO08o.mp4,core/VK3iJoh8G4Q.mp4
core/Jsguw1rO08o.mp4,core/91NXOVI_GS4.mp4
core/GJij-4mt6SA.mp4,core/Q5moSCjms4k.mp4
core/GJij-4mt6SA.mp4,core/mWGFGuGxqE4.mp4
core/GJij-4mt6SA.mp4,core/9I9Mb2YsfCA.mp4
core/GJij-4mt6SA.mp4,core/WHeFTbNYSEk.mp4
core/GJij-4mt6SA.mp4,core/qjVc7BsgCeQ.mp4
core/GJij-4mt6SA.mp4,core/PcgChnBsbPI.mp4
core/GJij-4mt6SA.mp4,core/Ld0PhoPIbGs.mp4
core/GJij-4mt6SA.mp4,core/0neismR9dnY.mp4
core/GJij-4mt6SA.mp4,core/5j72ZJ4njrY.mp4
core/GJij-4mt6SA.mp4,core/QbVM4tmJ_P0.mp4
core/GJij-4mt6SA.mp4,core/LCz9ZsRJEaI.mp4
core/GJij-4mt6SA.mp4,core/N-As3bk761s.mp4
core/GJij-4mt6SA.mp4,core/gvldg_7K8dY.mp4
core/GJij-4mt6SA.mp4,core/vetoBdoxukM.mp4
core/GJij-4mt6SA.mp4,core/ZM2nO5gqS60.mp4
core/GJij-4mt6SA.mp4,core/KAu8WOVxxgg.mp4
core/GJij-4mt6SA.mp4,core/gxuOtqh5KHo.mp4
core/GJij-4mt6SA.mp4,core/W6Pfqp1Uxos.mp4
core/GJij-4mt6SA.mp4,core/b1SgwNb957o.mp4
core/GJij-4mt6SA.mp4,core/JHLuJ0zsu5E.mp4
core/GJij-4mt6SA.mp4,core/uANfrc1iLzE.mp4
core/FvcRE7-bnBM.mp4,core/D0dCmHuPEiI.mp4
core/FvcRE7-bnBM.mp4,core/XUyVGn3yPws.mp4
core/FvcRE7-bnBM.mp4,core/duWfjgXDlI8.mp4
core/FvcRE7-bnBM.mp4,core/Dg1ZZz2dF4o.mp4
core/FvcRE7-bnBM.mp4,core/E7S4DcfKA-k.mp4
core/FvcRE7-bnBM.mp4,core/_Ktwh19wXGk.mp4
core/FvcRE7-bnBM.mp4,core/eojG4v8hXCI.mp4
core/FvcRE7-bnBM.mp4,core/aUlIzZxZEbg.mp4
core/FvcRE7-bnBM.mp4,core/862tE2YNCg0.mp4
core/FvcRE7-bnBM.mp4,core/dwCUm_UyoFc.mp4
core/FvcRE7-bnBM.mp4,core/2uRP7IWovTU.mp4
core/FvcRE7-bnBM.mp4,core/7FwOSkZp4n8.mp4
core/FvcRE7-bnBM.mp4,core/4cHj2S-p6R0.mp4
core/FvcRE7-bnBM.mp4,core/1XvdPj9-eQs.mp4
core/FvcRE7-bnBM.mp4,core/BA2nwb9Gvl8.mp4
core/FvcRE7-bnBM.mp4,core/fy-mWeQMdko.mp4
core/FvcRE7-bnBM.mp4,core/9hFUBKnMYoU.mp4
core/FvcRE7-bnBM.mp4,core/jlJb0TESuZ4.mp4
core/FvcRE7-bnBM.mp4,core/sDiRJ9lRKdk.mp4
core/FvcRE7-bnBM.mp4,core/amobhZWcMQ8.mp4
core/FvcRE7-bnBM.mp4,core/2GD0OxNE6aQ.mp4
core/cJBA2PjbeJA.mp4,core/rCiy0JttdyU.mp4
core/cJBA2PjbeJA.mp4,core/R4ohlBbTwic.mp4
core/cJBA2PjbeJA.mp4,core/pTrnn9d_Kng.mp4
core/cJBA2PjbeJA.mp4,core/k1dWe1qpKPs.mp4
core/cJBA2PjbeJA.mp4,core/IEkZB37oxlY.mp4
core/cJBA2PjbeJA.mp4,core/63XtPRvQVVs.mp4
core/cJBA2PjbeJA.mp4,core/Ffzl0_BEj8k.mp4
core/cJBA2PjbeJA.mp4,core/l8MWmIiBAGQ.mp4
core/cJBA2PjbeJA.mp4,core/idlQuVtjiaI.mp4
core/cJBA2PjbeJA.mp4,core/Bw5ZIwMzmOQ.mp4
core/cJBA2PjbeJA.mp4,core/0eDtXh7vO4Q.mp4
core/cJBA2PjbeJA.mp4,core/Qalpd7mQb2k.mp4
core/cJBA2PjbeJA.mp4,core/1GKtNFDYY7s.mp4
core/cJBA2PjbeJA.mp4,core/k8q6g7PLQnc.mp4
core/cJBA2PjbeJA.mp4,core/1s_Sa0hdXwE.mp4
core/cJBA2PjbeJA.mp4,core/MgFzxXQADnY.mp4
core/cJBA2PjbeJA.mp4,core/rksUfWDJ-WY.mp4
core/cJBA2PjbeJA.mp4,core/WGPLZUzsrZ0.mp4
core/cJBA2PjbeJA.mp4,core/hIBxB6mwCts.mp4
core/cJBA2PjbeJA.mp4,core/YHbK20gkyUk.mp4
core/8ja0i5wV-io.mp4,core/BdjTtWkGVkY.mp4
core/8ja0i5wV-io.mp4,core/_YqSNi9nKAU.mp4
core/8ja0i5wV-io.mp4,core/OkigP01A9r4.mp4
core/8ja0i5wV-io.mp4,core/N_PBJr6nZFM.mp4
core/8ja0i5wV-io.mp4,core/UaZV62J7DR0.mp4
core/8ja0i5wV-io.mp4,core/D-Ya5d6rzRQ.mp4
core/8ja0i5wV-io.mp4,core/eLzNzbCyTHA.mp4
core/8ja0i5wV-io.mp4,core/vuoT8hYMh8k.mp4
core/8ja0i5wV-io.mp4,core/XlQ3ijxdrBQ.mp4
core/8ja0i5wV-io.mp4,core/Di2UHOsMoJM.mp4
core/8ja0i5wV-io.mp4,core/aCSK4DUxjgw.mp4
core/8ja0i5wV-io.mp4,core/D16gXQScCiY.mp4
core/8ja0i5wV-io.mp4,core/SkA6EaWLSJg.mp4
core/8ja0i5wV-io.mp4,core/43f77E_1_uA.mp4
core/8ja0i5wV-io.mp4,core/-TPmO7dGVNQ.mp4
core/8ja0i5wV-io.mp4,core/HN5rLEd664I.mp4
core/8ja0i5wV-io.mp4,core/IJ4kShy2gCo.mp4
core/8ja0i5wV-io.mp4,core/jHM6rWj03LQ.mp4
core/8ja0i5wV-io.mp4,core/_cxx0WIbqHk.mp4
core/8ja0i5wV-io.mp4,core/jcOZjBK9g6s.mp4
core/8ja0i5wV-io.mp4,core/AapMeuzW_iY.mp4
core/KcwGKFrMNEU.mp4,core/u5GVT7jIglo.mp4
core/KcwGKFrMNEU.mp4,core/1Y_7Fso0yb8.mp4
core/KcwGKFrMNEU.mp4,core/FwKhhP3ae_8.mp4
core/KcwGKFrMNEU.mp4,core/weCDbkYvMbA.mp4
core/KcwGKFrMNEU.mp4,core/L56702DoYSE.mp4
core/KcwGKFrMNEU.mp4,core/RhQMN-kbikk.mp4
core/KcwGKFrMNEU.mp4,core/UWTJ6K_gyJY.mp4
core/KcwGKFrMNEU.mp4,core/Yu9mTzDpb-s.mp4
core/KcwGKFrMNEU.mp4,core/67RtZErP0LQ.mp4
core/KcwGKFrMNEU.mp4,core/kS68CB1EkqM.mp4
core/KcwGKFrMNEU.mp4,core/F7b8-O26gqo.mp4
core/KcwGKFrMNEU.mp4,core/P5wgR4UI5UA.mp4
core/KcwGKFrMNEU.mp4,core/5ZfbEBIokF0.mp4
core/KcwGKFrMNEU.mp4,core/WQ3Xf-4ydz0.mp4
core/KcwGKFrMNEU.mp4,core/md2YnB6uNmc.mp4
core/KcwGKFrMNEU.mp4,core/AoaUmzg3umQ.mp4
core/KcwGKFrMNEU.mp4,core/qjhoVNW-BT8.mp4
core/KcwGKFrMNEU.mp4,core/WQNjqKjGhpU.mp4
core/KcwGKFrMNEU.mp4,core/iMi6GzXVjh8.mp4
core/KcwGKFrMNEU.mp4,core/JkBe0pAl81Q.mp4
core/5CVZLZZqvzI.mp4,core/gxraKohqYQQ.mp4
core/5CVZLZZqvzI.mp4,core/tuvQ97xoFkI.mp4
core/5CVZLZZqvzI.mp4,core/GRiJdl11AB0.mp4
core/5CVZLZZqvzI.mp4,core/n0b-sgHQlgg.mp4
core/5CVZLZZqvzI.mp4,core/7wdFpom_4go.mp4
core/5CVZLZZqvzI.mp4,core/m7cduDiMvV0.mp4
core/5CVZLZZqvzI.mp4,core/Cs21wIEDa0c.mp4
core/5CVZLZZqvzI.mp4,core/MjuSfMGJMHw.mp4
core/5CVZLZZqvzI.mp4,core/B_y_2sPobBI.mp4
core/5CVZLZZqvzI.mp4,core/KZ0dp2W_z1c.mp4
core/5CVZLZZqvzI.mp4,core/QjxuylXoVOA.mp4
core/5CVZLZZqvzI.mp4,core/jhE2_8rwt9U.mp4
core/5CVZLZZqvzI.mp4,core/yWhMiHuYECc.mp4
core/5CVZLZZqvzI.mp4,core/dp1qpdvHpdY.mp4
core/5CVZLZZqvzI.mp4,core/LmMYDuWJ7zk.mp4
core/5CVZLZZqvzI.mp4,core/kUOokBDSZOU.mp4
core/5CVZLZZqvzI.mp4,core/Tjo30gOsiSs.mp4
core/5CVZLZZqvzI.mp4,core/u1SkBb25rRE.mp4
core/5CVZLZZqvzI.mp4,core/vqfv425k_dU.mp4
core/5CVZLZZqvzI.mp4,core/ChEJa8BZkDY.mp4
core/5CVZLZZqvzI.mp4,core/XiWMyeBgzXk.mp4
core/TmD3SibKHmI.mp4,core/hCVrl_pw6cE.mp4
core/TmD3SibKHmI.mp4,core/DmI-azYAX2A.mp4
core/TmD3SibKHmI.mp4,core/ERzOJK6pYUk.mp4
core/TmD3SibKHmI.mp4,core/wSvCa-6k3qo.mp4
core/TmD3SibKHmI.mp4,core/B6TN3L0rsS4.mp4
core/TmD3SibKHmI.mp4,core/cuyANhpT3ns.mp4
core/TmD3SibKHmI.mp4,core/zgd1Srd6ZJk.mp4
core/TmD3SibKHmI.mp4,core/WuKtUKeYZPQ.mp4
core/TmD3SibKHmI.mp4,core/vd9FiJuK01I.mp4
core/TmD3SibKHmI.mp4,core/8h5UC_4M3i4.mp4
core/TmD3SibKHmI.mp4,core/OA7_BtEkvBo.mp4
core/TmD3SibKHmI.mp4,core/CvTLLrRqhcU.mp4
core/TmD3SibKHmI.mp4,core/wTzhx_DVRWg.mp4
core/TmD3SibKHmI.mp4,core/ZVOjNnx0kAQ.mp4
core/TmD3SibKHmI.mp4,core/P_nSh0_-RW8.mp4
core/TmD3SibKHmI.mp4,core/CfS3q36PH48.mp4
core/TmD3SibKHmI.mp4,core/MxdfMhb3dXE.mp4
core/TmD3SibKHmI.mp4,core/6fNXwTMkGCI.mp4
core/TmD3SibKHmI.mp4,core/ctt4V76AjKg.mp4
core/TmD3SibKHmI.mp4,core/jiWZeXIlZiE.mp4
core/TmD3SibKHmI.mp4,core/w6nuFqS6ejg.mp4
core/iNO8LOBn73U.mp4,core/gwGtLjSS1cs.mp4
core/iNO8LOBn73U.mp4,core/v6v54OgOWq8.mp4
core/iNO8LOBn73U.mp4,core/UBf1EHby0gU.mp4
core/iNO8LOBn73U.mp4,core/8zkQyujw_fk.mp4
core/iNO8LOBn73U.mp4,core/CIdZs7iL7dA.mp4
core/iNO8LOBn73U.mp4,core/kE8fp145EmY.mp4
core/iNO8LOBn73U.mp4,core/AXyAkiEKeZM.mp4
core/iNO8LOBn73U.mp4,core/wLxADxTrfXo.mp4
core/iNO8LOBn73U.mp4,core/8lUrUndg-xA.mp4
core/iNO8LOBn73U.mp4,core/PucQH9Bp-vI.mp4
core/iNO8LOBn73U.mp4,core/kzFZnpODPTc.mp4
core/iNO8LOBn73U.mp4,core/duk0JjlB-sE.mp4
core/iNO8LOBn73U.mp4,core/ihoa49WPLYc.mp4
core/iNO8LOBn73U.mp4,core/0XCrNz0KaSM.mp4
core/iNO8LOBn73U.mp4,core/cpnYYiEqe-g.mp4
core/iNO8LOBn73U.mp4,core/IuQ-o2bST8s.mp4
core/iNO8LOBn73U.mp4,core/Sor2LFsdpfA.mp4
core/iNO8LOBn73U.mp4,core/voMnYeyOzwM.mp4
core/iNO8LOBn73U.mp4,core/SuuzR55OYuc.mp4
core/iNO8LOBn73U.mp4,core/ChLXoShLGTc.mp4
core/iNO8LOBn73U.mp4,core/fhgDT-0H-sc.mp4
core/k_NT43aJ_Jw.mp4,core/0OEHfEjO27s.mp4
core/k_NT43aJ_Jw.mp4,core/nRlC6EU7Tac.mp4
core/k_NT43aJ_Jw.mp4,core/GMtI_5IXTVg.mp4
core/k_NT43aJ_Jw.mp4,core/aXMPXfPYrhI.mp4
core/k_NT43aJ_Jw.mp4,core/LJvSObP9fC0.mp4
core/k_NT43aJ_Jw.mp4,core/bOf9FBZISoI.mp4
core/k_NT43aJ_Jw.mp4,core/V-hMpO-cY_k.mp4
core/k_NT43aJ_Jw.mp4,core/jUnOpL4pKoY.mp4
core/k_NT43aJ_Jw.mp4,core/1-aY9DUOSDI.mp4
core/k_NT43aJ_Jw.mp4,core/6Xv_2B7Rb6U.mp4
core/k_NT43aJ_Jw.mp4,core/Xivdf7a2rvA.mp4
core/k_NT43aJ_Jw.mp4,core/O-VdYUEmIYg.mp4
core/k_NT43aJ_Jw.mp4,core/x-2PdHnC12g.mp4
core/k_NT43aJ_Jw.mp4,core/6gLBFMsvcBI.mp4
core/k_NT43aJ_Jw.mp4,core/r3eBXqiKjm0.mp4
core/k_NT43aJ_Jw.mp4,core/yJc6MSR9-vQ.mp4
core/k_NT43aJ_Jw.mp4,core/zRXzurqbZkA.mp4
core/k_NT43aJ_Jw.mp4,core/Z2Qhy8uT-Fw.mp4
core/k_NT43aJ_Jw.mp4,core/eofybKimZxY.mp4
core/k_NT43aJ_Jw.mp4,core/2ty7oYFYtvM.mp4
core/k_NT43aJ_Jw.mp4,core/I1A8TQVG51o.mp4
core/8nYB60jFq0Y.mp4,core/OdOtAv0cZFY.mp4
core/8nYB60jFq0Y.mp4,core/IrL8iA17Iao.mp4
core/8nYB60jFq0Y.mp4,core/p2LTULn51Rk.mp4
core/8nYB60jFq0Y.mp4,core/Ix0fs-U69ic.mp4
core/8nYB60jFq0Y.mp4,core/xjtSah8CbYk.mp4
core/8nYB60jFq0Y.mp4,core/uyDRaqVt02I.mp4
core/8nYB60jFq0Y.mp4,core/Pd242ZLjpKQ.mp4
core/8nYB60jFq0Y.mp4,core/CvX5jHHeSkE.mp4
core/8nYB60jFq0Y.mp4,core/mqTkgbCHfqw.mp4
core/8nYB60jFq0Y.mp4,core/_nIQB8yOxI0.mp4
core/8nYB60jFq0Y.mp4,core/UaUIQTzgjxw.mp4
core/8nYB60jFq0Y.mp4,core/Rn_L43Syjg4.mp4
core/8nYB60jFq0Y.mp4,core/rxQueONO37k.mp4
core/8nYB60jFq0Y.mp4,core/c4TO4lC0FsY.mp4
core/8nYB60jFq0Y.mp4,core/70f_oDdp0cw.mp4
core/8nYB60jFq0Y.mp4,core/K2GxS-8I8Rs.mp4
core/8nYB60jFq0Y.mp4,core/TF2tj3Bpzbc.mp4
core/8nYB60jFq0Y.mp4,core/sYkBFJIjtGI.mp4
core/8nYB60jFq0Y.mp4,core/QZ9u5jBLEKo.mp4
core/8nYB60jFq0Y.mp4,core/ursSThR8wvQ.mp4
core/8nYB60jFq0Y.mp4,core/uZ8ugRhuv-g.mp4
core/gK9QVhGQSeA.mp4,core/unT8rZKFXoI.mp4
core/gK9QVhGQSeA.mp4,core/5FzMIcuU8og.mp4
core/gK9QVhGQSeA.mp4,core/Z9g3nwAysBQ.mp4
core/gK9QVhGQSeA.mp4,core/eqCjpbgtyx0.mp4
core/gK9QVhGQSeA.mp4,core/iQkOIYvuqLs.mp4
core/gK9QVhGQSeA.mp4,core/GE5ZMuXwCZY.mp4
core/gK9QVhGQSeA.mp4,core/liIi-QGTZOg.mp4
core/gK9QVhGQSeA.mp4,core/_MbiSHauRV0.mp4
core/gK9QVhGQSeA.mp4,core/bc-In65Fuc8.mp4
core/gK9QVhGQSeA.mp4,core/W0uQIug_AFY.mp4
core/gK9QVhGQSeA.mp4,core/3dnMj8sv1EQ.mp4
core/gK9QVhGQSeA.mp4,core/wEPxSPfEFaw.mp4
core/gK9QVhGQSeA.mp4,core/5MFKrMv5B-o.mp4
core/gK9QVhGQSeA.mp4,core/jBddOh-gZuQ.mp4
core/gK9QVhGQSeA.mp4,core/uTuDCzXSErk.mp4
core/3ei-VfSpxvA.mp4,core/N9qtGqhEhM0.mp4
core/3ei-VfSpxvA.mp4,core/zKOYjvPXGf8.mp4
core/3ei-VfSpxvA.mp4,core/wxCe6Gd1wuU.mp4
core/3ei-VfSpxvA.mp4,core/PayFbFTqOo8.mp4
core/3ei-VfSpxvA.mp4,core/rk8zE55avpo.mp4
core/3ei-VfSpxvA.mp4,core/ansdKe15cOQ.mp4
core/3ei-VfSpxvA.mp4,core/XFUrSksaLEQ.mp4
core/3ei-VfSpxvA.mp4,core/EbGDrte9ySs.mp4
core/3ei-VfSpxvA.mp4,core/gSQaCGVGWcg.mp4
core/3ei-VfSpxvA.mp4,core/1E_qYP9cdAw.mp4
core/3ei-VfSpxvA.mp4,core/Kog_BZqq_l4.mp4
core/3ei-VfSpxvA.mp4,core/-L2c_39j4Vs.mp4
core/3ei-VfSpxvA.mp4,core/_hXUqDrzKsc.mp4
core/3ei-VfSpxvA.mp4,core/UhOb3FcRk8w.mp4
core/3ei-VfSpxvA.mp4,core/vayuGC9qVXw.mp4
core/3ei-VfSpxvA.mp4,core/RSVpSG5_1w0.mp4
core/3ei-VfSpxvA.mp4,core/qqPpHX_tmUg.mp4
core/3ei-VfSpxvA.mp4,core/pKSPdyCabRY.mp4
core/3ei-VfSpxvA.mp4,core/rzz_69AcJ2w.mp4
core/3ei-VfSpxvA.mp4,core/JGa-P6Ez5G0.mp4
core/3ei-VfSpxvA.mp4,core/OyHnzIzC1I0.mp4
core/jLXt80ZtWyA.mp4,core/W_Tl_qZFRSo.mp4
core/jLXt80ZtWyA.mp4,core/5C4uC26PajU.mp4
core/jLXt80ZtWyA.mp4,core/0xHhpXjJfgY.mp4
core/jLXt80ZtWyA.mp4,core/-ZqGR2t5x1c.mp4
core/jLXt80ZtWyA.mp4,core/ZCES3NwCOLk.mp4
core/jLXt80ZtWyA.mp4,core/kYq05RvSdmE.mp4
core/jLXt80ZtWyA.mp4,core/TqVl4vueX-Q.mp4
core/jLXt80ZtWyA.mp4,core/jkPLFRSJUrQ.mp4
core/jLXt80ZtWyA.mp4,core/cylQBgHH2Cg.mp4
core/jLXt80ZtWyA.mp4,core/47KiVmCzRao.mp4
core/jLXt80ZtWyA.mp4,core/qRtpxO4fCF0.mp4
core/jLXt80ZtWyA.mp4,core/I67SNTfRAu0.mp4
core/jLXt80ZtWyA.mp4,core/ZXz3LSXQ0tM.mp4
core/jLXt80ZtWyA.mp4,core/Q5sUN60smEw.mp4
core/jLXt80ZtWyA.mp4,core/mFOipGeeX6Y.mp4
core/jLXt80ZtWyA.mp4,core/0gkxzmVTjgo.mp4
core/jLXt80ZtWyA.mp4,core/lqK34oqESR0.mp4
core/jLXt80ZtWyA.mp4,core/oPfM58MavRE.mp4
core/jLXt80ZtWyA.mp4,core/G4kPFUtg6v4.mp4
core/jLXt80ZtWyA.mp4,core/PxkFnRiEUnY.mp4
core/jLXt80ZtWyA.mp4,core/7A-AC1ZQucY.mp4
core/e33dD_qoqhg.mp4,core/_NxhPaqswKo.mp4
core/e33dD_qoqhg.mp4,core/rjXWyfE2JKc.mp4
core/e33dD_qoqhg.mp4,core/F1-QnRbOBa0.mp4
core/e33dD_qoqhg.mp4,core/3SLVmCWmbDQ.mp4
core/e33dD_qoqhg.mp4,core/YUki9Ks-Peo.mp4
core/e33dD_qoqhg.mp4,core/CRpvCkpk0mU.mp4
core/e33dD_qoqhg.mp4,core/FzZLrwHqKdk.mp4
core/e33dD_qoqhg.mp4,core/yPFl4rcHmA0.mp4
core/e33dD_qoqhg.mp4,core/7bhGW84GMlA.mp4
core/e33dD_qoqhg.mp4,core/elkLPqniMzI.mp4
core/e33dD_qoqhg.mp4,core/T9LkPSFItro.mp4
core/e33dD_qoqhg.mp4,core/XnRGwV9UNZs.mp4
core/e33dD_qoqhg.mp4,core/dUdLvRwBo8A.mp4
core/e33dD_qoqhg.mp4,core/jAPyI4JdNgY.mp4
core/e33dD_qoqhg.mp4,core/6XvNfwJkh4c.mp4
core/e33dD_qoqhg.mp4,core/mFSoMg0dvVE.mp4
core/e33dD_qoqhg.mp4,core/Ren671g6oQg.mp4
core/e33dD_qoqhg.mp4,core/RjyIzDxpoe4.mp4
core/e33dD_qoqhg.mp4,core/Qc4hrRBnKJA.mp4
core/e33dD_qoqhg.mp4,core/F_JemlIeVQw.mp4
core/e33dD_qoqhg.mp4,core/cKMDFPjuO0g.mp4
core/_l6Et4VdPOA.mp4,core/DjR5dlyT0Tk.mp4
core/_l6Et4VdPOA.mp4,core/tLgpvJi-mjw.mp4
core/_l6Et4VdPOA.mp4,core/aBk_DepBDbo.mp4
core/_l6Et4VdPOA.mp4,core/HoZBE_hplSs.mp4
core/_l6Et4VdPOA.mp4,core/FBAtulDStMY.mp4
core/_l6Et4VdPOA.mp4,core/T79zyGeWjjQ.mp4
core/_l6Et4VdPOA.mp4,core/iE7_1tfkH3U.mp4
core/_l6Et4VdPOA.mp4,core/gyilU7v0CLw.mp4
core/_l6Et4VdPOA.mp4,core/KpHDFL7FhJg.mp4
core/_l6Et4VdPOA.mp4,core/7b89WSUkMlU.mp4
core/_l6Et4VdPOA.mp4,core/ptGpxgzYZts.mp4
core/_l6Et4VdPOA.mp4,core/ltE32N-MyuQ.mp4
core/_l6Et4VdPOA.mp4,core/H55k0QJwRvs.mp4
core/_l6Et4VdPOA.mp4,core/jMkXgiyqLDY.mp4
core/_l6Et4VdPOA.mp4,core/g7CORn5pJsg.mp4
core/_l6Et4VdPOA.mp4,core/8hw4mjRY2hg.mp4
core/_l6Et4VdPOA.mp4,core/GnH79KkHQeY.mp4
core/_l6Et4VdPOA.mp4,core/oqjo8OzGaOo.mp4
core/_l6Et4VdPOA.mp4,core/-10vNSC0iKM.mp4
core/_l6Et4VdPOA.mp4,core/V3cl6RrH7zM.mp4
core/CtEQUnLVREY.mp4,core/umcbQcXYEtI.mp4
core/CtEQUnLVREY.mp4,core/AsQNDEs6nPA.mp4
core/CtEQUnLVREY.mp4,core/RO0w3AFvPtc.mp4
core/CtEQUnLVREY.mp4,core/9Rg8Qh4IFjs.mp4
core/CtEQUnLVREY.mp4,core/qrFAFPZs9i0.mp4
core/CtEQUnLVREY.mp4,core/FGOLWJCU9z4.mp4
core/CtEQUnLVREY.mp4,core/KuOqNW-HGhM.mp4
core/CtEQUnLVREY.mp4,core/RfNI46zmvtc.mp4
core/CtEQUnLVREY.mp4,core/4IV1wLojm_E.mp4
core/CtEQUnLVREY.mp4,core/wYSXLnhPwcQ.mp4
core/CtEQUnLVREY.mp4,core/Bks2kDCfJss.mp4
core/CtEQUnLVREY.mp4,core/dXqgxn2VQdc.mp4
core/CtEQUnLVREY.mp4,core/r8VGDrPI2JE.mp4
core/CtEQUnLVREY.mp4,core/Zj4-eSg0EqM.mp4
core/CtEQUnLVREY.mp4,core/fDosYYQMZH8.mp4
core/CtEQUnLVREY.mp4,core/78_UVcPsWDU.mp4
core/CtEQUnLVREY.mp4,core/3JFgpqxaPSA.mp4
core/CtEQUnLVREY.mp4,core/IsW0ch3bQmo.mp4
core/CtEQUnLVREY.mp4,core/7rIPA-9Qpu8.mp4
core/CtEQUnLVREY.mp4,core/pSU1ewglQMs.mp4
core/CtEQUnLVREY.mp4,core/-APCPaqOQpE.mp4
core/yL1ddCm55y4.mp4,core/TXlJz2nX9Kk.mp4
core/yL1ddCm55y4.mp4,core/o50j8KbD8dA.mp4
core/yL1ddCm55y4.mp4,core/jJCnUmy_opM.mp4
core/yL1ddCm55y4.mp4,core/6ISsCh8Xdso.mp4
core/yL1ddCm55y4.mp4,core/6VqQM0bqq0k.mp4
core/yL1ddCm55y4.mp4,core/4R_TCEexQHs.mp4
core/yL1ddCm55y4.mp4,core/34iQR1bo33M.mp4
core/yL1ddCm55y4.mp4,core/-hQ7hnrHXKQ.mp4
core/yL1ddCm55y4.mp4,core/yhllV7scCWo.mp4
core/yL1ddCm55y4.mp4,core/5nPoKb_29nw.mp4
core/yL1ddCm55y4.mp4,core/u7jPN1_N6KA.mp4
core/yL1ddCm55y4.mp4,core/DN_Vzgdxof8.mp4
core/yL1ddCm55y4.mp4,core/40e5fN3anAI.mp4
core/yL1ddCm55y4.mp4,core/BCJsoR25jqA.mp4
core/yL1ddCm55y4.mp4,core/Uo6s4oIWVoY.mp4
core/yL1ddCm55y4.mp4,core/xxdnMPStLIQ.mp4
core/yL1ddCm55y4.mp4,core/ao2ljfB1Myg.mp4
core/yL1ddCm55y4.mp4,core/BXT_6jVzZMY.mp4
core/yL1ddCm55y4.mp4,core/buREH2TPzK8.mp4
core/yL1ddCm55y4.mp4,core/kIn7gZeXJo8.mp4
core/yL1ddCm55y4.mp4,core/bged8CIVGo0.mp4
core/yL1ddCm55y4.mp4,core/Z49dVD2devY.mp4
core/yL1ddCm55y4.mp4,core/VjMouDLRxis.mp4
core/yL1ddCm55y4.mp4,core/gLq8McWHCeA.mp4